C5,34,12,9.22,2.9117811500050603,28.0,19.960492815635362,0.0,0.0,14.810179789931322,61.35080279511699
C2,32,14,14.04,11.16178115000506,44.0,33.96049281563536,9.0,12.930259517050283,16.810179789931322,126.85080279511699
C4,37,12,9.81,6.41178115000506,27.0,22.960492815635362,0.0,0.0,14.810179789931322,115.85080279511699
C4,36,11,9.81,5.41178115000506,27.0,18.960492815635362,0.0,4.310086505683428,13.810179789931322,85.35080279511699
C5,36,18,10.58,1.6617811500050603,22.5,8.960492815635362,0.0,0.0,7.810179789931321,96.35080279511699
C3,33,17,13.24,9.16178115000506,46.0,33.96049281563536,7.0,0.0,7.810179789931321,102.35080279511699
C3,38,18,14.1,9.91178115000506,40.5,33.46049281563536,6.0,8.620173011366855,15.810179789931322,116.85080279511699
C3,34,19,14.21,6.66178115000506,32.0,24.960492815635362,8.0,12.930259517050283,14.810179789931322,102.35080279511699
C2,38,12,12.84,10.91178115000506,40.0,43.96049281563536,10.0,43.10086505683428,15.810179789931322,124.85080279511699
C1,39,20,14.64,12.91178115000506,47.0,48.96049281563536,10.0,43.10086505683428,17.810179789931322,139.35080279511698
C3,31,21,14.66,6.41178115000506,44.0,41.46049281563536,9.0,12.930259517050283,7.810179789931321,120.35080279511699
C4,36,22,12.44,3.1617811500050603,31.5,23.960492815635362,6.0,8.620173011366855,14.810179789931322,88.85080279511699
C4,37,14,12.92,5.91178115000506,36.0,21.960492815635362,1.5,12.930259517050283,13.810179789931322,101.85080279511699
C2,39,13,10.18,12.66178115000506,41.0,39.96049281563536,10.0,43.10086505683428,7.810179789931321,112.35080279511699
C4,36,21,12.42,3.9117811500050603,40.0,17.460492815635362,6.0,8.620173011366855,14.810179789931322,76.85080279511699
C2,38,19,14.64,11.41178115000506,49.0,45.96049281563536,10.0,43.10086505683428,14.810179789931322,124.35080279511699
C2,34,24,14.99,11.41178115000506,47.0,46.96049281563536,10.0,34.48069204546742,17.810179789931322,130.35080279511698
C2,37,22,14.2,13.41178115000506,47.0,41.96049281563536,10.0,43.10086505683428,17.810179789931322,118.85080279511699
C4,36,17,12.82,8.66178115000506,28.0,17.460492815635362,1.0,0.0,11.810179789931322,90.35080279511699
C2,37,21,14.92,6.41178115000506,44.5,46.96049281563536,9.0,12.930259517050283,17.810179789931322,144.85080279511698
C4,38,14,11.7,4.66178115000506,42.0,23.460492815635362,0.5,8.620173011366855,13.810179789931322,88.35080279511699
C1,36,25,14.53,12.16178115000506,45.0,45.96049281563536,10.0,43.10086505683428,17.810179789931322,141.35080279511698
C5,32,18,10.37,4.16178115000506,23.0,3.960492815635363,0.0,8.620173011366855,14.810179789931322,58.85080279511699
C5,34,15,9.63,1.9117811500050603,34.0,15.460492815635362,0.0,0.0,11.810179789931322,81.35080279511699
C5,34,16,9.91,1.4117811500050603,16.0,18.960492815635362,1.0,0.0,10.810179789931322,50.35080279511699
C3,40,24,14.21,9.41178115000506,41.0,38.96049281563536,9.0,12.930259517050283,15.810179789931322,110.35080279511699
C5,32,25,8.39,2.9117811500050603,30.0,9.960492815635362,0.5,0.0,13.810179789931322,58.85080279511699
C2,36,23,14.71,14.16178115000506,46.0,38.46049281563536,9.0,12.930259517050283,17.810179789931322,142.85080279511698
C4,34,11,6.1,4.16178115000506,35.0,21.960492815635362,1.0,0.0,9.810179789931322,94.85080279511699
C2,36,15,14.23,11.66178115000506,48.0,37.96049281563536,9.5,43.10086505683428,16.810179789931322,139.35080279511698
C4,38,21,14.04,-1.5882188499949397,36.0,20.960492815635362,2.0,0.0,13.810179789931322,79.35080279511699
C3,38,18,13.89,7.16178115000506,44.5,36.96049281563536,2.0,17.24034602273371,15.810179789931322,126.35080279511699
C5,31,16,10.29,2.1617811500050603,20.5,8.960492815635362,0.0,0.0,10.810179789931322,68.85080279511699
C4,37,18,12.87,7.41178115000506,35.0,18.960492815635362,5.0,4.310086505683428,17.810179789931322,90.85080279511699
C5,37,21,13.54,-1.5882188499949397,22.0,9.960492815635362,1.0,4.310086505683428,12.810179789931322,66.85080279511699
C2,38,19,14.64,8.91178115000506,45.0,45.96049281563536,8.0,21.55043252841714,16.810179789931322,139.35080279511698
C4,38,12,2.82,7.16178115000506,43.0,34.96049281563536,0.0,0.0,7.810179789931321,83.35080279511699
C3,34,23,14.54,7.91178115000506,44.0,37.96049281563536,9.0,4.310086505683428,13.810179789931322,128.35080279511698
C3,32,18,13.62,7.16178115000506,44.5,17.460492815635362,6.0,4.310086505683428,16.810179789931322,89.35080279511699
C5,38,16,12.02,2.6617811500050603,32.0,9.960492815635362,0.5,0.0,7.810179789931321,55.35080279511699
C4,36,25,12.1,5.41178115000506,24.0,16.960492815635362,2.0,17.24034602273371,15.810179789931322,76.85080279511699
C3,37,12,10.25,7.16178115000506,41.5,30.960492815635362,0.0,4.310086505683428,16.810179789931322,101.85080279511699
C3,36,15,13.08,7.66178115000506,39.5,35.96049281563536,0.0,15.085302769891996,12.810179789931322,138.35080279511698
C2,38,24,14.45,11.41178115000506,45.0,45.46049281563536,9.5,0.0,16.810179789931322,125.85080279511699
C4,34,20,13.78,5.41178115000506,34.0,23.960492815635362,0.0,0.0,7.810179789931321,90.85080279511699
C5,32,16,10.24,6.16178115000506,31.0,14.960492815635362,6.0,0.0,7.810179789931321,71.85080279511699
C4,32,24,12.82,6.91178115000506,35.0,16.960492815635362,0.0,0.0,7.810179789931321,71.85080279511699
C3,38,18,14.37,6.41178115000506,43.0,26.960492815635362,0.0,17.24034602273371,7.810179789931321,124.35080279511699
C4,34,20,9.83,4.91178115000506,30.5,20.960492815635362,8.0,0.0,12.810179789931322,60.85080279511699
C2,36,14,14.37,11.66178115000506,48.0,46.96049281563536,9.0,30.170605539783992,17.810179789931322,139.35080279511698
C4,33,14,11.51,6.91178115000506,33.0,15.960492815635362,0.0,0.0,7.810179789931321,71.35080279511699
C2,34,16,14.04,11.91178115000506,42.5,37.96049281563536,6.0,43.10086505683428,16.810179789931322,127.85080279511699
C4,36,20,11.11,8.91178115000506,25.0,16.960492815635362,0.0,0.0,11.810179789931322,67.35080279511699
C2,36,20,14.53,12.41178115000506,43.0,43.96049281563536,10.0,17.24034602273371,16.810179789931322,131.35080279511698
C5,31,11,5.68,4.41178115000506,22.0,13.960492815635362,0.0,0.0,12.810179789931322,44.35080279511699
C2,36,23,14.6,13.16178115000506,47.0,45.96049281563536,8.0,0.0,17.810179789931322,136.35080279511698
C2,36,15,13.95,11.16178115000506,35.0,37.96049281563536,7.0,34.48069204546742,16.810179789931322,125.35080279511699
C2,36,19,14.42,6.66178115000506,41.0,25.960492815635362,10.0,38.79077855115085,14.810179789931322,131.35080279511698
C3,38,17,14.42,12.91178115000506,42.0,42.46049281563536,0.0,8.620173011366855,12.810179789931322,111.35080279511699
C3,37,16,13.67,6.91178115000506,40.0,30.460492815635362,5.5,4.310086505683428,16.810179789931322,107.35080279511699
C3,36,21,15.0,4.41178115000506,43.0,29.460492815635362,8.0,12.930259517050283,8.810179789931322,102.85080279511699
C4,39,21,14.63,2.9117811500050603,21.5,16.460492815635362,0.5,12.930259517050283,7.810179789931321,69.85080279511699
C4,37,17,12.57,7.91178115000506,31.5,24.960492815635362,1.0,4.310086505683428,14.810179789931322,67.35080279511699
C2,37,15,13.01,14.41178115000506,36.5,44.46049281563536,7.5,0.0,16.810179789931322,123.85080279511699
C5,36,11,6.02,4.66178115000506,27.0,9.960492815635362,8.0,0.0,7.810179789931321,38.35080279511699
C5,35,12,10.99,6.66178115000506,32.0,24.460492815635362,0.0,0.0,7.810179789931321,23.35080279511699
C3,36,20,13.99,9.41178115000506,39.0,23.460492815635362,10.0,12.930259517050283,16.810179789931322,103.35080279511699
C2,34,12,14.36,8.16178115000506,42.0,42.96049281563536,7.0,30.170605539783992,16.810179789931322,120.35080279511699
C2,36,14,14.66,12.91178115000506,47.0,50.96049281563536,9.0,34.48069204546742,7.810179789931321,141.35080279511698
C3,36,18,12.87,5.66178115000506,42.0,30.460492815635362,0.0,4.310086505683428,9.810179789931322,115.35080279511699
C5,37,22,10.69,6.91178115000506,24.0,8.960492815635362,4.0,12.930259517050283,12.810179789931322,56.85080279511699
C4,34,13,12.39,7.16178115000506,39.5,25.960492815635362,0.0,8.620173011366855,15.810179789931322,94.85080279511699
C4,38,12,11.33,4.16178115000506,30.0,21.960492815635362,5.0,12.930259517050283,13.810179789931322,85.35080279511699
C3,37,16,13.81,6.66178115000506,38.5,38.96049281563536,9.0,17.24034602273371,15.810179789931322,123.550802795117
C3,34,21,14.83,7.41178115000506,42.0,33.96049281563536,6.0,0.0,7.810179789931321,112.35080279511699
C2,34,13,14.01,12.16178115000506,45.5,44.96049281563536,10.0,21.55043252841714,16.810179789931322,140.35080279511698
C3,38,24,13.66,9.66178115000506,38.0,37.46049281563536,7.5,43.10086505683428,7.810179789931321,116.85080279511699
C3,34,22,13.35,5.91178115000506,43.0,37.96049281563536,6.0,21.55043252841714,16.810179789931322,129.35080279511698
C5,37,19,13.03,-4.58821884999494,8.0,6.960492815635363,0.0,0.0,8.810179789931322,68.85080279511699
C3,37,13,13.35,7.41178115000506,39.0,30.960492815635362,9.0,17.24034602273371,16.810179789931322,114.85080279511699
C4,34,24,13.51,7.91178115000506,38.0,27.960492815635362,0.0,43.10086505683428,7.810179789931321,99.35080279511699
C4,34,17,10.81,6.91178115000506,0.0,40.96049281563536,0.0,0.0,7.810179789931321,126.35080279511699
C5,37,21,14.32,0.16178115000506033,23.0,18.960492815635362,0.0,17.24034602273371,9.810179789931322,57.85080279511699
C4,36,14,11.93,5.91178115000506,32.0,7.960492815635363,0.5,4.310086505683428,11.810179789931322,103.35080279511699
C4,33,12,10.74,3.9117811500050603,40.0,17.960492815635362,1.0,8.620173011366855,13.810179789931322,82.85080279511699
C4,34,16,11.93,6.16178115000506,29.5,17.960492815635362,1.0,8.620173011366855,14.810179789931322,84.35080279511699
C4,39,25,12.52,5.91178115000506,39.5,29.960492815635362,0.0,4.310086505683428,13.810179789931322,76.85080279511699
C3,32,14,13.25,6.91178115000506,35.0,28.960492815635362,6.0,4.310086505683428,16.810179789931322,119.35080279511699
C3,32,21,14.83,1.1617811500050603,46.0,37.96049281563536,10.0,4.310086505683428,7.810179789931321,126.35080279511699
C3,31,13,14.14,10.16178115000506,43.0,32.46049281563536,9.0,0.0,15.810179789931322,122.35080279511699
C2,37,21,14.86,10.16178115000506,47.0,35.96049281563536,10.0,21.55043252841714,16.810179789931322,120.35080279511699
C3,38,25,13.24,5.16178115000506,44.0,36.96049281563536,0.0,43.10086505683428,17.810179789931322,118.35080279511699
C4,37,11,9.56,7.16178115000506,33.5,25.960492815635362,0.0,8.620173011366855,12.810179789931322,93.35080279511699
C2,36,17,14.42,6.66178115000506,44.0,44.96049281563536,8.0,38.79077855115085,16.810179789931322,123.35080279511699
C2,36,20,13.99,11.41178115000506,44.5,39.96049281563536,10.0,17.24034602273371,15.810179789931322,124.85080279511699
C2,34,12,14.28,12.91178115000506,47.0,43.96049281563536,10.0,21.55043252841714,13.810179789931322,118.85080279511699
C3,37,19,13.67,7.16178115000506,38.5,28.460492815635362,7.0,0.0,17.810179789931322,92.85080279511699
C5,37,18,11.86,3.1617811500050603,28.0,11.960492815635362,6.0,0.0,7.810179789931321,51.35080279511699
C6,36,18,10.58,0.6617811500050603,6.0,14.960492815635362,1.0,0.0,9.810179789931322,39.35080279511699
C4,38,19,9.56,0.6617811500050603,22.0,25.960492815635362,3.0,4.310086505683428,15.810179789931322,70.85080279511699
C4,33,24,14.13,7.41178115000506,35.5,16.960492815635362,2.0,12.930259517050283,9.810179789931322,93.35080279511699
C2,32,21,14.71,9.91178115000506,45.0,45.46049281563536,0.0,34.48069204546742,15.810179789931322,127.35080279511699
C2,31,12,13.85,13.16178115000506,42.0,37.96049281563536,7.0,0.0,7.810179789931321,131.35080279511698
C3,34,20,12.82,9.91178115000506,42.0,30.960492815635362,10.0,0.0,16.810179789931322,93.35080279511699
C3,36,17,14.38,6.41178115000506,38.0,38.96049281563536,6.0,0.0,7.810179789931321,109.35080279511699
C2,34,21,14.62,10.41178115000506,38.0,32.96049281563536,2.0,12.930259517050283,14.810179789931322,123.85080279511699
C2,34,24,15.0,14.66178115000506,45.5,45.96049281563536,9.5,34.48069204546742,17.810179789931322,129.35080279511698
C4,31,15,11.04,1.4117811500050603,32.0,20.460492815635362,6.5,4.310086505683428,15.810179789931322,77.35080279511699
C2,34,22,13.57,12.66178115000506,48.0,40.46049281563536,0.0,21.55043252841714,17.810179789931322,109.35080279511699
C4,37,24,14.78,5.16178115000506,44.5,19.960492815635362,10.0,0.0,7.810179789931321,70.85080279511699
C3,36,22,12.1,9.66178115000506,42.0,17.960492815635362,6.0,8.620173011366855,15.810179789931322,130.85080279511698
C2,39,22,13.52,8.91178115000506,43.0,38.96049281563536,10.0,8.620173011366855,16.810179789931322,115.35080279511699
C2,37,18,13.62,9.41178115000506,45.0,44.96049281563536,0.0,0.0,16.810179789931322,121.35080279511699
C4,39,14,12.49,7.91178115000506,32.0,24.960492815635362,0.0,21.55043252841714,7.810179789931321,112.35080279511699
C5,34,14,10.33,5.41178115000506,22.0,15.960492815635362,0.0,8.620173011366855,15.810179789931322,78.85080279511699
C4,34,25,12.39,5.66178115000506,30.0,24.960492815635362,4.0,4.310086505683428,15.810179789931322,96.85080279511699
C3,36,11,13.1,7.16178115000506,39.0,34.96049281563536,8.0,0.0,12.810179789931322,111.85080279511699
C3,34,17,13.75,7.16178115000506,41.5,31.960492815635362,9.0,38.79077855115085,7.810179789931321,110.85080279511699
C2,36,16,14.09,11.91178115000506,40.0,41.96049281563536,9.0,8.620173011366855,15.810179789931322,123.85080279511699
C4,37,25,12.73,5.66178115000506,26.0,23.960492815635362,1.0,0.0,16.810179789931322,93.35080279511699
C4,31,19,13.62,4.91178115000506,36.0,15.960492815635362,8.0,8.620173011366855,11.810179789931322,82.85080279511699
C4,34,12,12.0,4.66178115000506,39.0,33.96049281563536,2.0,8.620173011366855,15.810179789931322,90.85080279511699
C2,34,12,14.53,8.91178115000506,45.5,45.96049281563536,10.0,30.170605539783992,17.810179789931322,139.35080279511698
C4,31,13,11.21,7.91178115000506,31.5,25.960492815635362,4.0,0.0,15.810179789931322,89.85080279511699
C5,32,23,11.44,4.91178115000506,18.0,21.960492815635362,0.0,0.0,13.810179789931322,78.35080279511699
C5,39,19,13.46,-3.0882188499949397,25.0,8.960492815635362,9.0,0.0,16.810179789931322,42.35080279511699
C5,32,23,7.91,3.6617811500050603,22.5,17.460492815635362,1.0,0.0,12.810179789931322,73.85080279511699
C4,32,15,11.88,8.66178115000506,35.5,17.960492815635362,4.0,8.620173011366855,12.810179789931322,97.85080279511699
C3,39,13,13.35,6.41178115000506,46.5,24.960492815635362,10.0,4.310086505683428,15.810179789931322,98.85080279511699
C2,37,23,13.97,11.66178115000506,37.5,47.96049281563536,2.0,8.620173011366855,16.810179789931322,132.85080279511698
C2,31,22,12.95,10.41178115000506,43.0,28.960492815635362,10.0,43.10086505683428,16.810179789931322,130.35080279511698
C6,34,13,6.68,2.1617811500050603,1.0,7.960492815635363,0.0,12.930259517050283,7.810179789931321,70.85080279511699
C2,36,23,14.15,6.66178115000506,44.5,42.96049281563536,9.0,34.48069204546742,17.810179789931322,120.85080279511699
C4,38,18,11.06,1.6617811500050603,35.0,23.960492815635362,1.0,12.930259517050283,7.810179789931321,78.35080279511699
C2,37,19,13.83,9.16178115000506,42.0,27.960492815635362,9.0,8.620173011366855,17.810179789931322,129.35080279511698
C5,32,18,10.15,2.1617811500050603,16.0,10.960492815635362,0.0,0.0,7.810179789931321,62.35080279511699
C4,37,19,13.78,2.9117811500050603,32.5,16.460492815635362,8.0,0.0,17.810179789931322,83.85080279511699
C4,34,15,10.52,2.6617811500050603,32.0,29.960492815635362,1.5,6.4651297585251415,14.810179789931322,91.85080279511699
C2,36,13,14.95,12.16178115000506,48.5,45.96049281563536,10.0,43.10086505683428,16.810179789931322,127.35080279511699
C6,36,14,8.55,3.6617811500050603,24.0,9.960492815635362,0.0,0.0,7.810179789931321,35.85080279511699
C3,36,15,12.82,8.16178115000506,45.0,34.96049281563536,6.0,6.4651297585251415,16.810179789931322,107.85080279511699
C4,37,17,14.17,8.41178115000506,35.0,27.960492815635362,7.0,12.930259517050283,11.810179789931322,73.35080279511699
C3,37,11,12.59,6.41178115000506,42.0,31.960492815635362,9.0,0.0,14.810179789931322,116.85080279511699
C5,38,24,13.12,4.16178115000506,27.0,23.960492815635362,0.0,0.0,12.810179789931322,67.85080279511699
C6,36,12,-0.55,-6.54821884999494,13.5,5.960492815635363,0.0,0.0,7.810179789931321,20.35080279511699
C5,36,25,11.03,3.1617811500050603,28.0,19.460492815635362,1.0,0.0,7.810179789931321,79.85080279511699
C5,31,15,10.0,1.9117811500050603,24.0,16.960492815635362,1.0,0.0,7.810179789931321,95.85080279511699
C4,34,21,14.93,4.66178115000506,31.0,18.960492815635362,6.0,12.930259517050283,14.810179789931322,90.85080279511699
C2,34,14,14.42,11.16178115000506,44.0,39.96049281563536,6.0,43.10086505683428,7.810179789931321,133.35080279511698
C5,31,25,9.44,3.1617811500050603,23.0,8.960492815635362,0.0,8.620173011366855,16.810179789931322,66.35080279511699
C4,36,16,12.82,8.16178115000506,34.5,12.960492815635362,5.0,12.930259517050283,11.810179789931322,105.85080279511699
C4,33,23,13.88,4.91178115000506,36.5,34.46049281563536,1.0,0.0,7.810179789931321,97.35080279511699
C3,37,22,12.16,6.41178115000506,46.0,21.460492815635362,9.0,0.0,16.810179789931322,130.35080279511698
C3,31,17,13.75,10.66178115000506,45.0,30.960492815635362,5.0,4.310086505683428,16.810179789931322,94.35080279511699
C4,36,22,12.22,5.16178115000506,36.0,26.960492815635362,0.0,4.310086505683428,12.810179789931322,102.85080279511699
C3,31,16,13.01,6.91178115000506,38.0,29.960492815635362,9.0,34.48069204546742,16.810179789931322,99.35080279511699
C3,34,18,13.3,10.66178115000506,44.0,31.960492815635362,8.0,12.930259517050283,7.810179789931321,114.85080279511699
C2,34,13,14.78,12.66178115000506,46.0,49.96049281563536,0.0,0.0,7.810179789931321,137.85080279511698
C4,31,20,10.37,2.6617811500050603,33.0,10.960492815635362,6.0,4.310086505683428,16.810179789931322,88.85080279511699
C3,32,16,13.43,8.91178115000506,48.0,34.96049281563536,8.0,12.930259517050283,14.810179789931322,119.35080279511699
C3,37,23,13.07,6.91178115000506,34.0,34.96049281563536,9.0,8.620173011366855,17.810179789931322,115.85080279511699
C3,34,20,13.78,8.66178115000506,42.5,30.960492815635362,6.0,4.310086505683428,11.810179789931322,106.35080279511699
C4,33,11,11.24,5.91178115000506,34.0,28.960492815635362,0.0,0.0,16.810179789931322,97.85080279511699
C2,39,20,13.99,12.91178115000506,48.0,41.46049281563536,10.0,43.10086505683428,16.810179789931322,135.35080279511698
C2,37,16,14.19,10.66178115000506,45.0,42.96049281563536,0.0,17.24034602273371,16.810179789931322,130.85080279511698
C2,37,23,13.1,10.91178115000506,43.0,45.96049281563536,9.0,25.860519034100566,17.810179789931322,122.35080279511699
C3,33,12,12.67,10.41178115000506,40.0,24.960492815635362,10.0,12.930259517050283,14.810179789931322,68.85080279511699
C5,32,19,13.03,-3.5882188499949397,25.5,10.960492815635362,0.0,0.0,7.810179789931321,55.85080279511699
C4,37,15,11.65,4.41178115000506,36.0,31.960492815635362,6.5,8.620173011366855,16.810179789931322,82.85080279511699
C3,34,14,12.96,8.66178115000506,36.0,27.460492815635362,6.0,4.310086505683428,15.810179789931322,111.85080279511699
C3,36,22,13.35,7.16178115000506,44.0,31.460492815635362,9.0,12.930259517050283,16.810179789931322,123.35080279511699
C3,31,22,13.12,5.66178115000506,44.0,34.96049281563536,6.0,8.620173011366855,14.810179789931322,95.85080279511699
C5,36,25,9.81,3.9117811500050603,28.0,3.960492815635363,0.0,4.310086505683428,7.810179789931321,59.85080279511699
C2,37,12,13.77,8.41178115000506,46.0,39.96049281563536,10.0,25.860519034100566,16.810179789931322,141.85080279511698
C4,34,19,14.1,-2.5882188499949397,30.5,11.960492815635362,9.0,12.930259517050283,14.810179789931322,80.85080279511699
C3,32,13,13.58,9.41178115000506,45.0,32.96049281563536,2.0,4.310086505683428,13.810179789931322,96.85080279511699
C4,36,14,11.65,4.16178115000506,29.0,16.960492815635362,5.0,4.310086505683428,17.810179789931322,78.85080279511699
C3,34,25,13.97,5.16178115000506,43.0,41.96049281563536,10.0,4.310086505683428,11.810179789931322,117.35080279511699
C3,32,19,14.21,8.41178115000506,37.0,36.96049281563536,10.0,0.0,16.810179789931322,85.85080279511699
C3,37,13,13.94,11.66178115000506,41.0,25.460492815635362,8.0,12.930259517050283,16.810179789931322,98.35080279511699
C2,34,14,14.44,13.16178115000506,47.0,29.960492815635362,9.0,0.0,7.810179789931321,121.85080279511699
C3,31,13,14.09,12.41178115000506,41.0,32.96049281563536,0.0,0.0,7.810179789931321,105.35080279511699
C2,37,14,13.95,10.41178115000506,44.0,38.96049281563536,10.0,43.10086505683428,15.810179789931322,124.35080279511699
C2,34,22,14.03,12.16178115000506,48.0,28.960492815635362,6.0,12.930259517050283,17.810179789931322,118.85080279511699
C2,31,16,14.28,12.41178115000506,41.5,45.96049281563536,6.0,8.620173011366855,17.810179789931322,119.85080279511699
C3,37,22,12.1,7.16178115000506,39.0,27.960492815635362,0.0,17.24034602273371,17.810179789931322,107.35080279511699
C2,37,20,14.64,11.66178115000506,45.5,45.96049281563536,2.0,17.24034602273371,13.810179789931322,128.35080279511698
C2,36,22,13.58,13.16178115000506,44.5,43.46049281563536,9.0,12.930259517050283,16.810179789931322,133.35080279511698
C3,37,16,13.72,6.16178115000506,35.0,34.46049281563536,6.0,8.620173011366855,9.810179789931322,108.85080279511699
C4,32,17,14.25,8.16178115000506,24.0,25.960492815635362,1.0,0.0,7.810179789931321,87.85080279511699
C2,38,11,14.61,7.41178115000506,44.0,36.46049281563536,8.0,0.0,16.810179789931322,120.35080279511699
C5,38,16,11.7,5.41178115000506,22.0,13.960492815635362,0.0,4.310086505683428,7.810179789931321,68.85080279511699
C3,37,11,13.94,6.16178115000506,45.0,39.96049281563536,0.0,25.860519034100566,7.810179789931321,123.35080279511699
C6,36,13,5.08,1.6617811500050603,2.0,5.960492815635363,1.0,0.0,7.810179789931321,21.85080279511699
C2,34,16,14.75,12.41178115000506,46.0,49.96049281563536,9.0,43.10086505683428,7.810179789931321,136.85080279511698
C2,36,15,14.75,11.66178115000506,46.0,45.96049281563536,0.0,0.0,16.810179789931322,127.85080279511699
C4,38,21,13.75,4.41178115000506,37.5,17.460492815635362,0.5,0.0,15.810179789931322,80.35080279511699
C5,36,24,12.66,5.91178115000506,28.0,16.960492815635362,0.0,0.0,10.810179789931322,82.85080279511699
C3,34,21,14.33,7.66178115000506,39.5,23.960492815635362,2.0,0.0,16.810179789931322,106.35080279511699
C4,32,20,13.46,3.6617811500050603,36.5,19.960492815635362,0.0,0.0,12.810179789931322,92.35080279511699
C4,34,17,14.0,9.41178115000506,32.0,28.960492815635362,0.0,8.620173011366855,14.810179789931322,100.35080279511699
C2,34,16,14.56,12.41178115000506,48.0,45.96049281563536,0.0,17.24034602273371,7.810179789931321,127.85080279511699
C2,34,16,14.33,11.91178115000506,47.0,34.46049281563536,1.5,0.0,17.810179789931322,119.35080279511699
C4,33,19,13.89,1.6617811500050603,31.0,20.960492815635362,0.0,4.310086505683428,14.810179789931322,103.35080279511699
C3,38,23,13.41,9.16178115000506,39.0,27.460492815635362,8.0,8.620173011366855,16.810179789931322,100.85080279511699
C3,37,12,13.91,8.91178115000506,42.0,32.96049281563536,0.0,30.170605539783992,16.810179789931322,99.85080279511699
C2,31,17,14.76,14.41178115000506,43.0,47.96049281563536,10.0,0.0,16.810179789931322,116.85080279511699
C2,37,20,14.31,12.91178115000506,47.0,44.96049281563536,10.0,38.79077855115085,16.810179789931322,136.35080279511698
C2,36,23,14.54,13.16178115000506,47.0,37.96049281563536,4.0,12.930259517050283,17.810179789931322,137.85080279511698
C3,34,25,12.39,5.41178115000506,45.0,33.96049281563536,1.0,4.310086505683428,16.810179789931322,109.85080279511699
C2,33,14,14.04,11.66178115000506,46.5,32.96049281563536,8.0,4.310086505683428,16.810179789931322,112.35080279511699
C4,31,18,13.41,3.1617811500050603,31.0,22.960492815635362,1.0,0.0,7.810179789931321,89.85080279511699
C3,34,11,14.36,5.41178115000506,43.5,43.96049281563536,10.0,12.930259517050283,7.810179789931321,112.35080279511699
C3,32,18,11.59,7.16178115000506,42.0,34.96049281563536,6.0,0.0,14.810179789931322,120.35080279511699
C5,32,12,9.05,3.1617811500050603,25.5,14.960492815635362,0.0,0.0,13.810179789931322,41.35080279511699
C3,36,23,12.59,12.41178115000506,38.5,18.960492815635362,2.0,0.0,16.810179789931322,122.35080279511699
C5,37,13,13.35,3.9117811500050603,22.5,6.960492815635363,1.0,0.0,13.810179789931322,54.35080279511699
C2,36,17,14.08,12.16178115000506,48.0,46.96049281563536,10.0,0.0,16.810179789931322,135.35080279511698
C2,38,24,14.42,11.41178115000506,44.0,29.460492815635362,10.0,43.10086505683428,17.810179789931322,117.85080279511699
C2,34,20,13.67,11.41178115000506,43.0,31.960492815635362,8.0,12.930259517050283,17.810179789931322,142.35080279511698
C4,37,23,12.61,8.41178115000506,34.0,26.460492815635362,1.0,0.0,17.810179789931322,84.35080279511699
C5,37,23,10.8,7.41178115000506,29.5,16.960492815635362,1.0,8.620173011366855,11.810179789931322,56.35080279511699
C2,36,23,14.09,11.91178115000506,47.0,40.46049281563536,7.0,38.79077855115085,17.810179789931322,132.35080279511698
C2,34,11,14.28,8.91178115000506,46.0,31.460492815635362,10.0,0.0,15.810179789931322,130.35080279511698
C4,32,20,14.53,11.66178115000506,0.0,21.460492815635362,10.0,4.310086505683428,7.810179789931321,89.35080279511699
C3,34,24,14.59,5.66178115000506,42.0,29.460492815635362,6.0,8.620173011366855,16.810179789931322,94.85080279511699
C3,31,19,14.48,4.91178115000506,44.0,38.96049281563536,8.0,21.55043252841714,7.810179789931321,100.85080279511699
C3,31,17,13.5,7.41178115000506,40.0,32.96049281563536,8.0,0.0,12.810179789931322,115.85080279511699
C3,36,15,12.73,5.66178115000506,45.0,22.960492815635362,8.5,6.4651297585251415,16.810179789931322,125.85080279511699
C2,36,18,13.94,9.66178115000506,42.0,36.96049281563536,10.0,43.10086505683428,16.810179789931322,136.85080279511698
C2,36,16,14.56,9.41178115000506,49.0,49.96049281563536,10.0,43.10086505683428,16.810179789931322,137.35080279511698
C2,36,15,13.48,14.16178115000506,45.0,35.96049281563536,10.0,17.24034602273371,15.810179789931322,127.85080279511699
C3,37,13,13.8,10.91178115000506,44.0,32.96049281563536,10.0,8.620173011366855,14.810179789931322,110.85080279511699
C4,32,24,13.75,10.66178115000506,39.5,27.460492815635362,7.0,0.0,7.810179789931321,87.85080279511699
C2,36,21,13.98,8.91178115000506,47.0,43.96049281563536,10.0,0.0,16.810179789931322,117.85080279511699
C5,37,22,10.4,4.41178115000506,17.0,20.960492815635362,1.0,21.55043252841714,16.810179789931322,53.85080279511699
C3,36,15,11.84,7.41178115000506,39.0,23.960492815635362,7.0,21.55043252841714,13.810179789931322,115.35080279511699
C2,34,24,14.28,7.66178115000506,43.5,44.96049281563536,9.5,38.79077855115085,14.810179789931322,123.85080279511699
C5,32,21,11.14,-3.3382188499949397,13.0,12.960492815635362,2.0,0.0,7.810179789931321,80.35080279511699
C5,31,11,0.97,4.91178115000506,17.0,13.960492815635362,0.0,0.0,13.810179789931322,48.85080279511699
C3,36,19,14.42,7.41178115000506,38.0,35.96049281563536,4.0,17.24034602273371,16.810179789931322,118.85080279511699
C4,38,24,13.8,5.91178115000506,34.0,19.460492815635362,0.0,8.620173011366855,12.810179789931322,90.85080279511699
C2,36,18,14.37,12.91178115000506,48.0,42.96049281563536,10.0,17.24034602273371,16.810179789931322,138.85080279511698
C2,32,13,14.8,12.66178115000506,41.0,36.96049281563536,10.0,43.10086505683428,16.810179789931322,145.35080279511698
C5,37,18,7.87,4.4017811500050605,19.5,3.960492815635363,0.0,0.0,7.810179789931321,76.35080279511699
C3,36,21,14.66,4.66178115000506,41.0,37.96049281563536,6.0,8.620173011366855,11.810179789931322,112.35080279511699
C4,31,11,5.01,2.9117811500050603,35.5,20.460492815635362,0.0,0.0,13.810179789931322,83.35080279511699
C2,34,20,14.53,12.91178115000506,47.0,43.96049281563536,10.0,17.24034602273371,16.810179789931322,128.35080279511698
C4,36,25,12.21,6.91178115000506,39.0,18.960492815635362,1.0,0.0,9.810179789931322,112.35080279511699
C4,31,12,11.58,3.9117811500050603,37.5,25.960492815635362,7.0,21.55043252841714,16.810179789931322,104.35080279511699
C4,39,22,12.33,6.91178115000506,29.0,18.460492815635362,4.0,0.0,7.810179789931321,81.35080279511699
C4,36,25,10.15,4.66178115000506,28.0,19.460492815635362,0.0,34.48069204546742,11.810179789931322,85.35080279511699
C4,34,13,11.68,8.91178115000506,29.0,18.960492815635362,3.0,4.310086505683428,13.810179789931322,77.85080279511699
C2,34,14,14.75,11.66178115000506,47.0,39.96049281563536,9.0,43.10086505683428,15.810179789931322,142.85080279511698
C3,38,18,13.46,4.41178115000506,46.0,21.960492815635362,6.0,0.0,16.810179789931322,116.85080279511699
C4,31,12,11.66,3.1617811500050603,37.0,23.960492815635362,4.0,25.860519034100566,8.810179789931322,125.85080279511699
C3,38,14,12.92,13.16178115000506,43.5,21.960492815635362,9.0,4.310086505683428,15.810179789931322,113.85080279511699
C3,38,12,13.1,11.66178115000506,37.0,36.96049281563536,9.0,21.55043252841714,7.810179789931321,117.35080279511699
C3,33,13,13.97,6.41178115000506,44.0,40.96049281563536,10.0,0.0,13.810179789931322,106.85080279511699
C4,39,25,12.27,7.41178115000506,30.0,14.460492815635362,1.0,4.310086505683428,13.810179789931322,78.85080279511699
C2,33,23,13.69,12.41178115000506,44.0,43.96049281563536,6.0,12.930259517050283,16.810179789931322,127.35080279511699
C4,31,14,11.41,5.16178115000506,34.0,33.96049281563536,0.0,25.860519034100566,16.810179789931322,113.85080279511699
C3,39,19,14.64,2.9117811500050603,42.0,26.460492815635362,10.0,12.930259517050283,10.810179789931322,109.35080279511699
C4,31,19,13.73,1.6617811500050603,34.0,9.960492815635362,0.0,0.0,7.810179789931321,96.85080279511699
C4,32,17,14.0,7.16178115000506,30.5,33.46049281563536,7.0,4.310086505683428,12.810179789931322,89.85080279511699
C2,34,12,14.11,13.66178115000506,43.0,27.960492815635362,10.0,43.10086505683428,16.810179789931322,124.35080279511699
C4,37,11,7.71,4.16178115000506,33.0,17.960492815635362,0.0,0.0,7.810179789931321,93.85080279511699
C4,37,17,12.57,7.91178115000506,33.0,25.460492815635362,1.0,12.930259517050283,13.810179789931322,82.35080279511699
C4,36,23,11.88,6.66178115000506,36.5,21.460492815635362,1.0,0.0,13.810179789931322,71.85080279511699
C3,38,17,13.75,12.16178115000506,46.0,26.960492815635362,4.0,4.310086505683428,16.810179789931322,98.35080279511699
C5,36,15,9.96,1.4117811500050603,34.0,10.960492815635362,0.0,0.0,7.810179789931321,57.35080279511699
C3,36,22,13.12,9.41178115000506,43.0,43.96049281563536,10.0,21.55043252841714,14.810179789931322,85.85080279511699
C4,38,20,12.5,2.9117811500050603,27.0,18.960492815635362,10.0,0.0,14.810179789931322,79.85080279511699
C5,36,22,10.4,3.9117811500050603,29.0,15.960492815635362,0.0,8.620173011366855,7.810179789931321,69.85080279511699
C3,31,11,11.66,6.91178115000506,41.0,38.96049281563536,10.0,0.0,7.810179789931321,112.35080279511699
C2,31,22,14.03,12.66178115000506,40.0,38.46049281563536,9.0,25.860519034100566,16.810179789931322,134.35080279511698
C4,36,25,11.82,7.66178115000506,31.0,19.960492815635362,0.0,0.0,12.810179789931322,80.85080279511699
C2,37,11,14.02,10.91178115000506,42.0,30.960492815635362,0.0,4.310086505683428,17.810179789931322,125.85080279511699
C3,37,19,14.31,8.41178115000506,36.0,43.96049281563536,0.0,0.0,13.810179789931322,112.85080279511699
C5,36,18,12.02,4.16178115000506,26.0,11.960492815635362,0.0,4.310086505683428,7.810179789931321,81.35080279511699
C4,34,17,12.82,10.16178115000506,31.0,24.960492815635362,0.0,8.620173011366855,11.810179789931322,100.85080279511699
C3,37,21,14.42,3.9117811500050603,44.0,35.96049281563536,10.0,0.0,14.810179789931322,124.35080279511699
C1,34,17,15.01,14.41178115000506,46.0,45.96049281563536,10.0,43.10086505683428,16.810179789931322,143.85080279511698
C4,34,11,9.05,5.16178115000506,29.0,12.960492815635362,1.0,0.0,7.810179789931321,84.35080279511699
C3,36,15,12.78,7.66178115000506,38.5,32.96049281563536,3.0,4.310086505683428,16.810179789931322,101.85080279511699
C4,33,16,13.39,4.91178115000506,38.0,31.960492815635362,4.0,0.0,15.810179789931322,75.85080279511699
C4,34,20,12.82,4.91178115000506,29.0,15.960492815635362,2.0,4.310086505683428,10.810179789931322,85.35080279511699
C4,36,20,10.69,1.9117811500050603,32.0,12.960492815635362,8.0,8.620173011366855,11.810179789931322,70.35080279511699
C6,36,20,9.08,-2.0882188499949397,18.5,14.460492815635362,2.0,8.620173011366855,8.810179789931322,47.35080279511699
C3,36,18,12.34,4.91178115000506,39.0,27.460492815635362,10.0,8.620173011366855,15.810179789931322,97.35080279511699
C4,33,19,11.59,-1.5882188499949397,29.0,12.960492815635362,4.0,38.79077855115085,16.810179789931322,67.35080279511699
C4,37,25,11.8,3.4117811500050603,37.0,30.960492815635362,6.0,0.0,16.810179789931322,94.85080279511699
C2,36,22,13.97,14.16178115000506,44.0,39.96049281563536,6.0,21.55043252841714,16.810179789931322,137.85080279511698
C5,39,15,10.0,7.17178115000506,24.0,21.960492815635362,6.0,0.0,7.810179789931321,61.85080279511699
C2,36,25,14.33,10.91178115000506,45.0,40.96049281563536,10.0,38.79077855115085,17.810179789931322,127.35080279511699
C3,34,25,12.65,5.91178115000506,44.0,41.96049281563536,0.0,43.10086505683428,16.810179789931322,108.85080279511699
C2,31,16,14.19,8.91178115000506,44.5,41.46049281563536,9.0,12.930259517050283,16.810179789931322,129.85080279511698
C2,36,25,13.52,9.41178115000506,45.0,35.96049281563536,9.5,25.860519034100566,17.810179789931322,128.85080279511698
C3,39,17,14.5,7.66178115000506,41.0,30.460492815635362,4.0,43.10086505683428,16.810179789931322,119.35080279511699
C4,34,22,10.63,3.6617811500050603,30.0,21.960492815635362,1.0,12.930259517050283,15.810179789931322,91.85080279511699
C3,36,13,12.94,12.16178115000506,36.5,33.96049281563536,4.0,17.24034602273371,16.810179789931322,108.35080279511699
C2,34,25,14.09,11.91178115000506,46.0,39.96049281563536,10.0,43.10086505683428,15.810179789931322,139.35080279511698
C1,34,19,14.64,9.66178115000506,48.0,50.96049281563536,10.0,43.10086505683428,16.810179789931322,149.85080279511698
C4,31,15,12.78,2.4117811500050603,41.0,17.460492815635362,7.0,0.0,16.810179789931322,111.85080279511699
C3,34,23,13.7,13.16178115000506,45.5,30.460492815635362,9.0,21.55043252841714,7.810179789931321,112.85080279511699
C4,37,16,12.45,9.41178115000506,30.5,22.460492815635362,0.0,0.0,10.810179789931322,71.35080279511699
C2,36,21,14.97,4.91178115000506,41.0,46.96049281563536,10.0,43.10086505683428,7.810179789931321,126.35080279511699
C3,33,13,13.38,10.41178115000506,34.0,22.960492815635362,4.0,12.930259517050283,13.810179789931322,96.85080279511699
C3,31,21,13.96,12.31178115000506,35.0,25.460492815635362,0.5,8.620173011366855,15.810179789931322,101.85080279511699
C4,36,23,12.54,7.41178115000506,40.0,23.960492815635362,3.0,12.930259517050283,17.810179789931322,82.85080279511699
C2,36,23,14.77,13.66178115000506,47.0,40.96049281563536,9.0,25.860519034100566,16.810179789931322,149.35080279511698
C2,36,23,14.68,12.66178115000506,43.0,41.46049281563536,9.0,0.0,16.810179789931322,124.35080279511699
C2,32,23,14.09,10.91178115000506,46.0,33.96049281563536,0.0,21.55043252841714,17.810179789931322,131.85080279511698
C4,34,25,10.66,5.16178115000506,32.0,20.960492815635362,1.0,0.0,13.810179789931322,85.35080279511699
C2,36,12,14.19,13.66178115000506,41.5,37.96049281563536,2.0,12.930259517050283,7.810179789931321,140.85080279511698
C2,37,13,12.93,12.91178115000506,46.5,39.46049281563536,10.0,0.0,7.810179789931321,132.35080279511698
C2,40,17,14.38,8.66178115000506,49.0,44.96049281563536,10.0,4.310086505683428,17.810179789931322,125.35080279511699
C3,36,18,13.51,5.16178115000506,39.0,33.46049281563536,5.0,8.620173011366855,17.810179789931322,111.35080279511699
C4,39,25,10.57,3.6617811500050603,39.0,32.96049281563536,6.0,12.930259517050283,14.810179789931322,93.85080279511699
C2,36,16,14.14,6.91178115000506,47.0,38.96049281563536,6.0,0.0,16.810179789931322,132.35080279511698
C5,37,12,9.81,4.16178115000506,28.5,14.960492815635362,0.0,0.0,10.810179789931322,78.85080279511699
C5,38,15,11.18,2.4117811500050603,30.0,14.960492815635362,2.0,21.55043252841714,13.810179789931322,59.85080279511699
C4,36,14,11.37,7.66178115000506,38.5,22.460492815635362,1.5,0.0,13.810179789931322,78.35080279511699
C3,31,23,14.01,9.16178115000506,46.0,35.96049281563536,6.0,4.310086505683428,14.810179789931322,105.35080279511699
C4,33,16,13.72,4.16178115000506,39.0,19.960492815635362,0.0,0.0,16.810179789931322,88.35080279511699
C2,36,20,14.21,12.41178115000506,41.0,27.960492815635362,10.0,12.930259517050283,17.810179789931322,120.35080279511699
C5,36,14,9.49,3.6617811500050603,26.0,11.960492815635362,0.0,4.310086505683428,11.810179789931322,69.35080279511699
C3,37,16,13.57,9.41178115000506,41.0,34.96049281563536,6.0,30.170605539783992,16.810179789931322,107.85080279511699
C3,37,22,11.03,3.4117811500050603,44.0,37.46049281563536,9.0,0.0,13.810179789931322,108.85080279511699
C4,37,24,14.41,7.91178115000506,35.5,19.960492815635362,7.0,8.620173011366855,15.810179789931322,77.35080279511699
C4,36,14,11.74,6.41178115000506,35.0,19.960492815635362,0.5,4.310086505683428,13.810179789931322,83.85080279511699
C4,34,24,13.41,4.66178115000506,34.5,22.960492815635362,1.0,4.310086505683428,7.810179789931321,73.85080279511699
C2,36,24,14.62,13.66178115000506,43.0,32.96049281563536,2.0,12.930259517050283,16.810179789931322,128.35080279511698
C4,37,24,13.45,7.91178115000506,34.0,26.960492815635362,0.0,4.310086505683428,16.810179789931322,107.85080279511699
C3,34,20,14.64,12.91178115000506,43.0,26.960492815635362,10.0,17.24034602273371,7.810179789931321,96.85080279511699
C1,37,24,15.01,14.66178115000506,49.0,45.96049281563536,9.0,43.10086505683428,17.810179789931322,150.85080279511698
C3,36,13,12.54,7.91178115000506,42.0,35.96049281563536,9.0,30.170605539783992,11.810179789931322,101.35080279511699
C2,38,23,14.09,13.16178115000506,43.0,39.46049281563536,2.0,8.620173011366855,17.810179789931322,120.35080279511699
C5,36,13,8.46,4.41178115000506,19.0,17.960492815635362,1.0,12.930259517050283,14.810179789931322,69.85080279511699
C4,37,19,14.1,-3.8382188499949397,26.0,36.96049281563536,2.0,0.0,7.810179789931321,69.85080279511699
C3,36,25,13.05,6.91178115000506,44.0,24.960492815635362,8.0,12.930259517050283,7.810179789931321,106.35080279511699
C2,37,12,13.69,10.41178115000506,40.5,44.96049281563536,8.0,12.930259517050283,14.810179789931322,121.85080279511699
C5,31,12,10.27,3.6617811500050603,40.0,13.960492815635362,0.0,0.0,14.810179789931322,57.35080279511699
C4,38,11,10.48,3.6617811500050603,21.0,20.960492815635362,0.0,0.0,16.810179789931322,70.85080279511699
C2,36,12,14.36,13.16178115000506,47.0,43.96049281563536,10.0,43.10086505683428,7.810179789931321,134.35080279511698
C4,31,18,11.91,3.9117811500050603,24.0,27.460492815635362,0.0,0.0,15.810179789931322,68.35080279511699
C1,34,24,15.01,14.66178115000506,49.0,49.96049281563536,8.0,34.48069204546742,17.810179789931322,134.35080279511698
C3,36,22,13.75,9.41178115000506,36.0,36.96049281563536,6.0,12.930259517050283,15.810179789931322,126.35080279511699
C4,38,15,11.88,4.16178115000506,32.0,18.960492815635362,7.5,10.77521626420857,7.810179789931321,81.85080279511699
C2,39,11,13.01,11.16178115000506,44.0,34.96049281563536,9.0,0.0,16.810179789931322,143.35080279511698
C3,36,19,14.31,6.66178115000506,38.0,33.46049281563536,8.0,12.930259517050283,14.810179789931322,115.85080279511699
C5,36,13,6.74,3.1617811500050603,21.0,19.960492815635362,0.0,0.0,7.810179789931321,55.35080279511699
C4,32,11,9.05,4.66178115000506,22.0,23.960492815635362,1.0,0.0,15.810179789931322,55.85080279511699
C4,38,20,12.07,3.6617811500050603,30.0,20.960492815635362,10.0,12.930259517050283,14.810179789931322,87.85080279511699
C3,32,25,12.9,7.66178115000506,45.5,22.960492815635362,9.5,4.310086505683428,17.810179789931322,116.85080279511699
C4,33,24,14.11,4.16178115000506,41.0,31.960492815635362,6.5,12.930259517050283,17.810179789931322,79.85080279511699
C2,39,15,13.48,5.91178115000506,44.0,42.96049281563536,10.0,6.4651297585251415,17.810179789931322,136.35080279511698
C6,37,11,-0.97,2.1617811500050603,3.0,7.960492815635363,0.0,0.0,7.810179789931321,19.35080279511699
C3,37,23,12.99,9.41178115000506,38.5,29.960492815635362,0.0,0.0,17.810179789931322,121.35080279511699
C2,37,23,13.97,12.33178115000506,44.0,36.46049281563536,7.0,12.930259517050283,16.810179789931322,106.85080279511699
C4,36,19,11.54,-0.08821884999493967,28.5,19.460492815635362,6.0,12.930259517050283,12.810179789931322,82.85080279511699
C3,37,23,12.44,9.91178115000506,41.0,30.960492815635362,0.0,17.24034602273371,17.810179789931322,115.85080279511699
C2,36,18,13.78,12.16178115000506,49.0,46.96049281563536,6.0,17.24034602273371,16.810179789931322,129.85080279511698
C4,34,21,13.98,2.4117811500050603,38.0,30.460492815635362,0.0,0.0,12.810179789931322,83.85080279511699
C5,36,15,10.05,2.4117811500050603,21.0,19.960492815635362,2.5,6.4651297585251415,7.810179789931321,55.35080279511699
C2,34,21,14.84,10.41178115000506,45.0,37.96049281563536,9.0,17.24034602273371,16.810179789931322,139.85080279511698
C5,36,17,11.09,5.41178115000506,26.5,16.960492815635362,0.0,0.0,7.810179789931321,42.35080279511699
C4,37,22,11.2,4.16178115000506,29.0,19.960492815635362,6.0,38.79077855115085,14.810179789931322,61.85080279511699
C2,34,24,14.8,7.16178115000506,47.0,45.96049281563536,9.5,43.10086505683428,16.810179789931322,139.85080279511698
C4,37,25,11.29,3.1617811500050603,30.5,31.960492815635362,1.0,0.0,13.810179789931322,78.85080279511699
C3,32,12,11.92,9.66178115000506,34.5,22.960492815635362,7.0,8.620173011366855,14.810179789931322,112.35080279511699
C3,34,11,14.11,6.41178115000506,37.0,36.96049281563536,10.0,0.0,15.810179789931322,121.35080279511699
C2,36,15,13.62,12.41178115000506,42.0,35.96049281563536,0.0,4.310086505683428,16.810179789931322,130.85080279511698
C4,36,15,11.37,2.1617811500050603,36.0,22.460492815635362,0.5,6.4651297585251415,7.810179789931321,86.85080279511699
C5,38,11,6.44,5.41178115000506,19.0,12.960492815635362,0.0,0.0,10.810179789931322,47.85080279511699
C3,32,18,13.35,8.66178115000506,40.0,36.96049281563536,10.0,0.0,7.810179789931321,106.85080279511699
C2,34,14,14.61,13.16178115000506,47.0,40.96049281563536,9.0,34.48069204546742,17.810179789931322,145.35080279511698
C4,37,25,11.35,5.91178115000506,29.0,26.960492815635362,1.0,10.77521626420857,11.810179789931322,76.35080279511699
C2,37,19,13.25,8.16178115000506,44.0,39.96049281563536,8.0,17.24034602273371,17.810179789931322,121.35080279511699
C4,31,21,14.2,6.41178115000506,32.0,22.960492815635362,10.0,0.0,12.810179789931322,88.85080279511699
C3,37,22,12.27,7.16178115000506,46.0,34.96049281563536,5.0,0.0,16.810179789931322,111.85080279511699
C4,36,19,13.78,2.9117811500050603,37.0,21.960492815635362,8.0,21.55043252841714,14.810179789931322,76.35080279511699
C3,31,17,14.25,7.41178115000506,44.0,37.96049281563536,6.0,0.0,16.810179789931322,121.35080279511699
C3,34,16,13.72,8.91178115000506,41.0,30.960492815635362,0.5,21.55043252841714,16.810179789931322,137.35080279511698
C4,36,14,13.39,8.91178115000506,33.0,20.460492815635362,0.0,4.310086505683428,7.810179789931321,97.85080279511699
C6,33,20,8.55,-1.5882188499949397,24.5,12.960492815635362,4.0,4.310086505683428,7.810179789931321,35.85080279511699
C4,37,20,13.99,12.66178115000506,37.0,11.960492815635362,10.0,12.930259517050283,16.810179789931322,50.85080279511699
C3,36,16,12.87,8.91178115000506,46.0,32.96049281563536,1.5,12.930259517050283,12.810179789931322,106.35080279511699
C3,34,25,11.74,5.91178115000506,46.0,41.46049281563536,6.0,0.0,15.810179789931322,110.85080279511699
C4,36,18,10.26,4.16178115000506,36.0,26.960492815635362,6.0,0.0,14.810179789931322,63.35080279511699
C4,37,14,12.21,6.91178115000506,40.0,16.960492815635362,0.0,0.0,7.810179789931321,95.35080279511699
C4,31,11,8.55,3.4117811500050603,33.0,19.960492815635362,1.0,21.55043252841714,12.810179789931322,85.85080279511699
C5,37,19,12.55,-2.8382188499949397,23.0,14.960492815635362,6.0,12.930259517050283,11.810179789931322,53.35080279511699
C3,31,18,14.15,9.16178115000506,46.0,22.460492815635362,6.0,8.620173011366855,12.810179789931322,91.35080279511699
C2,36,13,14.39,12.16178115000506,45.0,44.96049281563536,10.0,34.48069204546742,17.810179789931322,137.35080279511698
C5,37,14,12.45,5.91178115000506,26.0,14.960492815635362,0.0,0.0,7.810179789931321,79.85080279511699
C2,37,13,14.98,12.41178115000506,41.5,45.96049281563536,6.0,34.48069204546742,16.810179789931322,141.35080279511698
C3,37,22,13.97,7.91178115000506,44.0,35.96049281563536,0.0,21.55043252841714,16.810179789931322,116.85080279511699
C3,37,21,14.66,2.9117811500050603,43.0,30.960492815635362,1.5,25.860519034100566,10.810179789931322,121.85080279511699
C5,36,17,12.49,5.66178115000506,31.0,10.460492815635362,6.0,4.310086505683428,7.810179789931321,68.85080279511699
C4,33,15,10.85,2.6617811500050603,25.0,28.960492815635362,6.0,8.620173011366855,7.810179789931321,93.35080279511699
C3,37,21,14.74,4.66178115000506,41.5,20.960492815635362,4.0,25.860519034100566,14.810179789931322,120.85080279511699
C3,33,11,9.64,6.41178115000506,42.0,20.960492815635362,0.0,0.0,7.810179789931321,125.85080279511699
C2,34,22,13.29,13.41178115000506,48.0,37.96049281563536,6.0,0.0,16.810179789931322,131.35080279511698
C2,37,13,13.15,12.16178115000506,39.0,39.46049281563536,6.0,8.620173011366855,15.810179789931322,110.85080279511699
C2,36,17,14.84,14.66178115000506,43.5,33.96049281563536,10.0,4.310086505683428,16.810179789931322,130.85080279511698
C4,36,14,13.48,6.66178115000506,38.0,31.460492815635362,0.0,17.24034602273371,7.810179789931321,104.35080279511699
C3,37,24,14.61,10.41178115000506,40.0,27.460492815635362,9.5,12.930259517050283,16.810179789931322,97.85080279511699
C2,36,15,13.39,11.16178115000506,49.0,37.96049281563536,10.0,43.10086505683428,7.810179789931321,114.35080279511699
C4,38,17,13.24,7.41178115000506,31.0,23.960492815635362,5.0,4.310086505683428,9.810179789931322,78.35080279511699
C4,36,20,10.58,0.4117811500050603,33.0,18.460492815635362,0.0,0.0,14.810179789931322,79.85080279511699
